{
  "messageName": "page",
  "pageId": "LM_DOCUMENT_VM_IRO_EUR",
  "pageName": "BGC EUR IRO - CCP",
  "currencyId": "EUR",
  "sizeMultipliers": [
    1,
    2,
    4
  ],
  "settings": [
    {
      "name": "displayCustomSpreads",
      "value": true
    },
    {
      "name": "displayFavorites",
      "value": true
    },
    {
      "name": "displayPortfolio",
      "value": true
    },
    {
      "name": "orderAnimationDuration",
      "value": 0
    },
    {
      "name": "webBrandID",
      "value": "BGCIRO"
    },
    {
      "name": "displayAnalytics",
      "value": true
    }
  ],
  "genericColumns": [
    {
      "columnId": "strike1Display",
      "columnName": "Strike A",
      "addToDashboard": "true"
    },
    {
      "columnId": "strike2Display",
      "columnName": "Strike B",
      "addToDashboard": "true"
    },
    {
      "columnId": "deltaDisplay",
      "columnName": "Delta"
    },
    {
      "columnId": "straddleDisplay",
      "columnName": "Str"
    },
    {
      "columnId": "ratioDisplay",
      "columnName": "Ratio"
    }
  ],
  "tileLayouts": [
    {
      "matrixId": "EUR_VM_STRADDLE MATRIX",
      "matrixName": "STRADDLE",
      "layoutType": "matrix",
      "columnHeaderList": [
        "1Y",
        "2Y",
        "3Y",
        "4Y",
        "5Y",
        "6Y",
        "7Y",
        "8Y",
        "9Y",
        "10Y",
        "15Y",
        "20Y",
        "25Y",
        "30Y"
      ],
      "rowHeaderList": [
        "1W",
        "2W",
        "1M",
        "2M",
        "3M",
        "6M",
        "9M",
        "1Y",
        "18M",
        "2Y",
        "3Y",
        "4Y",
        "5Y",
        "6Y",
        "7Y",
        "8Y",
        "9Y",
        "10Y",
        "12Y",
        "15Y",
        "20Y",
        "25Y",
        "30Y"
      ],
      "instrumentList": [
        {
          "instrumentId": "167|1831748",
          "name": "3M1Y",
          "rowIndex": 4,
          "columnIndex": 0
        },
        {
          "instrumentId": "167|1831749",
          "name": "6M1Y",
          "rowIndex": 5,
          "columnIndex": 0
        },
        {
          "instrumentId": "167|1831750",
          "name": "9M1Y",
          "rowIndex": 6,
          "columnIndex": 0
        },
        {
          "instrumentId": "167|1831751",
          "name": "1Y1Y",
          "rowIndex": 7,
          "columnIndex": 0
        },
        {
          "instrumentId": "167|1831752",
          "name": "18M1Y",
          "rowIndex": 8,
          "columnIndex": 0
        },
        {
          "instrumentId": "167|1831753",
          "name": "2Y1Y",
          "rowIndex": 9,
          "columnIndex": 0
        },
        {
          "instrumentId": "167|1831754",
          "name": "3Y1Y",
          "rowIndex": 10,
          "columnIndex": 0
        },
        {
          "instrumentId": "167|1831755",
          "name": "4Y1Y",
          "rowIndex": 11,
          "columnIndex": 0
        },
        {
          "instrumentId": "167|1831756",
          "name": "5Y1Y",
          "rowIndex": 12,
          "columnIndex": 0
        },
        {
          "instrumentId": "167|1831757",
          "name": "6Y1Y",
          "rowIndex": 13,
          "columnIndex": 0
        },
        {
          "instrumentId": "167|1831758",
          "name": "7Y1Y",
          "rowIndex": 14,
          "columnIndex": 0
        },
        {
          "instrumentId": "167|1831759",
          "name": "8Y1Y",
          "rowIndex": 15,
          "columnIndex": 0
        },
        {
          "instrumentId": "167|1831760",
          "name": "9Y1Y",
          "rowIndex": 16,
          "columnIndex": 0
        },
        {
          "instrumentId": "167|1831761",
          "name": "10Y1Y",
          "rowIndex": 17,
          "columnIndex": 0
        },
        {
          "instrumentId": "167|1831762",
          "name": "12Y1Y",
          "rowIndex": 18,
          "columnIndex": 0
        },
        {
          "instrumentId": "167|1831763",
          "name": "15Y1Y",
          "rowIndex": 19,
          "columnIndex": 0
        },
        {
          "instrumentId": "167|1831764",
          "name": "20Y1Y",
          "rowIndex": 20,
          "columnIndex": 0
        },
        {
          "instrumentId": "167|1831765",
          "name": "25Y1Y",
          "rowIndex": 21,
          "columnIndex": 0
        },
        {
          "instrumentId": "167|1831766",
          "name": "30Y1Y",
          "rowIndex": 22,
          "columnIndex": 0
        },
        {
          "instrumentId": "167|1831767",
          "name": "1M2Y",
          "rowIndex": 2,
          "columnIndex": 1
        },
        {
          "instrumentId": "167|1831768",
          "name": "2M2Y",
          "rowIndex": 3,
          "columnIndex": 1
        },
        {
          "instrumentId": "167|1831769",
          "name": "3M2Y",
          "rowIndex": 4,
          "columnIndex": 1
        },
        {
          "instrumentId": "167|1831770",
          "name": "6M2Y",
          "rowIndex": 5,
          "columnIndex": 1
        },
        {
          "instrumentId": "167|1831771",
          "name": "9M2Y",
          "rowIndex": 6,
          "columnIndex": 1
        },
        {
          "instrumentId": "167|1831772",
          "name": "1Y2Y",
          "rowIndex": 7,
          "columnIndex": 1
        },
        {
          "instrumentId": "167|1831773",
          "name": "18M2Y",
          "rowIndex": 8,
          "columnIndex": 1
        },
        {
          "instrumentId": "167|1831774",
          "name": "2Y2Y",
          "rowIndex": 9,
          "columnIndex": 1
        },
        {
          "instrumentId": "167|1831775",
          "name": "3Y2Y",
          "rowIndex": 10,
          "columnIndex": 1
        },
        {
          "instrumentId": "167|1831776",
          "name": "4Y2Y",
          "rowIndex": 11,
          "columnIndex": 1
        },
        {
          "instrumentId": "167|1831777",
          "name": "5Y2Y",
          "rowIndex": 12,
          "columnIndex": 1
        },
        {
          "instrumentId": "167|1831778",
          "name": "6Y2Y",
          "rowIndex": 13,
          "columnIndex": 1
        },
        {
          "instrumentId": "167|1831779",
          "name": "7Y2Y",
          "rowIndex": 14,
          "columnIndex": 1
        },
        {
          "instrumentId": "167|1831780",
          "name": "8Y2Y",
          "rowIndex": 15,
          "columnIndex": 1
        },
        {
          "instrumentId": "167|1831781",
          "name": "9Y2Y",
          "rowIndex": 16,
          "columnIndex": 1
        },
        {
          "instrumentId": "167|1831782",
          "name": "10Y2Y",
          "rowIndex": 17,
          "columnIndex": 1
        },
        {
          "instrumentId": "167|1831783",
          "name": "12Y2Y",
          "rowIndex": 18,
          "columnIndex": 1
        },
        {
          "instrumentId": "167|1831784",
          "name": "15Y2Y",
          "rowIndex": 19,
          "columnIndex": 1
        },
        {
          "instrumentId": "167|1831785",
          "name": "20Y2Y",
          "rowIndex": 20,
          "columnIndex": 1
        },
        {
          "instrumentId": "167|1831786",
          "name": "25Y2Y",
          "rowIndex": 21,
          "columnIndex": 1
        },
        {
          "instrumentId": "167|1831787",
          "name": "30Y2Y",
          "rowIndex": 22,
          "columnIndex": 1
        },
        {
          "instrumentId": "167|1831788",
          "name": "1M3Y",
          "rowIndex": 2,
          "columnIndex": 2
        },
        {
          "instrumentId": "167|1831789",
          "name": "2M3Y",
          "rowIndex": 3,
          "columnIndex": 2
        },
        {
          "instrumentId": "167|1831790",
          "name": "3M3Y",
          "rowIndex": 4,
          "columnIndex": 2
        },
        {
          "instrumentId": "167|1831791",
          "name": "6M3Y",
          "rowIndex": 5,
          "columnIndex": 2
        },
        {
          "instrumentId": "167|1831792",
          "name": "9M3Y",
          "rowIndex": 6,
          "columnIndex": 2
        },
        {
          "instrumentId": "167|1831793",
          "name": "1Y3Y",
          "rowIndex": 7,
          "columnIndex": 2
        },
        {
          "instrumentId": "167|1831794",
          "name": "18M3Y",
          "rowIndex": 8,
          "columnIndex": 2
        },
        {
          "instrumentId": "167|1831795",
          "name": "2Y3Y",
          "rowIndex": 9,
          "columnIndex": 2
        },
        {
          "instrumentId": "167|1831796",
          "name": "3Y3Y",
          "rowIndex": 10,
          "columnIndex": 2
        },
        {
          "instrumentId": "167|1831797",
          "name": "4Y3Y",
          "rowIndex": 11,
          "columnIndex": 2
        },
        {
          "instrumentId": "167|1831798",
          "name": "5Y3Y",
          "rowIndex": 12,
          "columnIndex": 2
        },
        {
          "instrumentId": "167|1831799",
          "name": "6Y3Y",
          "rowIndex": 13,
          "columnIndex": 2
        },
        {
          "instrumentId": "167|1831800",
          "name": "7Y3Y",
          "rowIndex": 14,
          "columnIndex": 2
        },
        {
          "instrumentId": "167|1831801",
          "name": "8Y3Y",
          "rowIndex": 15,
          "columnIndex": 2
        },
        {
          "instrumentId": "167|1831802",
          "name": "9Y3Y",
          "rowIndex": 16,
          "columnIndex": 2
        },
        {
          "instrumentId": "167|1831803",
          "name": "10Y3Y",
          "rowIndex": 17,
          "columnIndex": 2
        },
        {
          "instrumentId": "167|1831804",
          "name": "12Y3Y",
          "rowIndex": 18,
          "columnIndex": 2
        },
        {
          "instrumentId": "167|1831805",
          "name": "15Y3Y",
          "rowIndex": 19,
          "columnIndex": 2
        },
        {
          "instrumentId": "167|1831806",
          "name": "20Y3Y",
          "rowIndex": 20,
          "columnIndex": 2
        },
        {
          "instrumentId": "167|1831807",
          "name": "25Y3Y",
          "rowIndex": 21,
          "columnIndex": 2
        },
        {
          "instrumentId": "167|1831808",
          "name": "30Y3Y",
          "rowIndex": 22,
          "columnIndex": 2
        },
        {
          "instrumentId": "167|1831809",
          "name": "1M4Y",
          "rowIndex": 2,
          "columnIndex": 3
        },
        {
          "instrumentId": "167|1831810",
          "name": "2M4Y",
          "rowIndex": 3,
          "columnIndex": 3
        },
        {
          "instrumentId": "167|1831811",
          "name": "3M4Y",
          "rowIndex": 4,
          "columnIndex": 3
        },
        {
          "instrumentId": "167|1831812",
          "name": "6M4Y",
          "rowIndex": 5,
          "columnIndex": 3
        },
        {
          "instrumentId": "167|1831813",
          "name": "9M4Y",
          "rowIndex": 6,
          "columnIndex": 3
        },
        {
          "instrumentId": "167|1831814",
          "name": "1Y4Y",
          "rowIndex": 7,
          "columnIndex": 3
        },
        {
          "instrumentId": "167|1831815",
          "name": "18M4Y",
          "rowIndex": 8,
          "columnIndex": 3
        },
        {
          "instrumentId": "167|1831816",
          "name": "2Y4Y",
          "rowIndex": 9,
          "columnIndex": 3
        },
        {
          "instrumentId": "167|1831817",
          "name": "3Y4Y",
          "rowIndex": 10,
          "columnIndex": 3
        },
        {
          "instrumentId": "167|1831818",
          "name": "4Y4Y",
          "rowIndex": 11,
          "columnIndex": 3
        },
        {
          "instrumentId": "167|1831819",
          "name": "5Y4Y",
          "rowIndex": 12,
          "columnIndex": 3
        },
        {
          "instrumentId": "167|1831820",
          "name": "6Y4Y",
          "rowIndex": 13,
          "columnIndex": 3
        },
        {
          "instrumentId": "167|1831821",
          "name": "7Y4Y",
          "rowIndex": 14,
          "columnIndex": 3
        },
        {
          "instrumentId": "167|1831822",
          "name": "8Y4Y",
          "rowIndex": 15,
          "columnIndex": 3
        },
        {
          "instrumentId": "167|1831823",
          "name": "9Y4Y",
          "rowIndex": 16,
          "columnIndex": 3
        },
        {
          "instrumentId": "167|1831824",
          "name": "10Y4Y",
          "rowIndex": 17,
          "columnIndex": 3
        },
        {
          "instrumentId": "167|1831825",
          "name": "12Y4Y",
          "rowIndex": 18,
          "columnIndex": 3
        },
        {
          "instrumentId": "167|1831826",
          "name": "15Y4Y",
          "rowIndex": 19,
          "columnIndex": 3
        },
        {
          "instrumentId": "167|1831827",
          "name": "20Y4Y",
          "rowIndex": 20,
          "columnIndex": 3
        },
        {
          "instrumentId": "167|1831828",
          "name": "25Y4Y",
          "rowIndex": 21,
          "columnIndex": 3
        },
        {
          "instrumentId": "167|1831829",
          "name": "30Y4Y",
          "rowIndex": 22,
          "columnIndex": 3
        },
        {
          "instrumentId": "167|1831830",
          "name": "1M5Y",
          "rowIndex": 2,
          "columnIndex": 4
        },
        {
          "instrumentId": "167|1831831",
          "name": "2M5Y",
          "rowIndex": 3,
          "columnIndex": 4
        },
        {
          "instrumentId": "167|1831832",
          "name": "3M5Y",
          "rowIndex": 4,
          "columnIndex": 4
        },
        {
          "instrumentId": "167|1831833",
          "name": "6M5Y",
          "rowIndex": 5,
          "columnIndex": 4
        },
        {
          "instrumentId": "167|1831834",
          "name": "9M5Y",
          "rowIndex": 6,
          "columnIndex": 4
        },
        {
          "instrumentId": "167|1831835",
          "name": "1Y5Y",
          "rowIndex": 7,
          "columnIndex": 4
        },
        {
          "instrumentId": "167|1831836",
          "name": "18M5Y",
          "rowIndex": 8,
          "columnIndex": 4
        },
        {
          "instrumentId": "167|1831837",
          "name": "2Y5Y",
          "rowIndex": 9,
          "columnIndex": 4
        },
        {
          "instrumentId": "167|1831838",
          "name": "3Y5Y",
          "rowIndex": 10,
          "columnIndex": 4
        },
        {
          "instrumentId": "167|1831839",
          "name": "4Y5Y",
          "rowIndex": 11,
          "columnIndex": 4
        },
        {
          "instrumentId": "167|1831840",
          "name": "5Y5Y",
          "rowIndex": 12,
          "columnIndex": 4
        },
        {
          "instrumentId": "167|1831841",
          "name": "6Y5Y",
          "rowIndex": 13,
          "columnIndex": 4
        },
        {
          "instrumentId": "167|1831842",
          "name": "7Y5Y",
          "rowIndex": 14,
          "columnIndex": 4
        },
        {
          "instrumentId": "167|1831843",
          "name": "8Y5Y",
          "rowIndex": 15,
          "columnIndex": 4
        },
        {
          "instrumentId": "167|1831844",
          "name": "9Y5Y",
          "rowIndex": 16,
          "columnIndex": 4
        },
        {
          "instrumentId": "167|1831845",
          "name": "10Y5Y",
          "rowIndex": 17,
          "columnIndex": 4
        },
        {
          "instrumentId": "167|1831846",
          "name": "12Y5Y",
          "rowIndex": 18,
          "columnIndex": 4
        },
        {
          "instrumentId": "167|1831847",
          "name": "15Y5Y",
          "rowIndex": 19,
          "columnIndex": 4
        },
        {
          "instrumentId": "167|1831848",
          "name": "20Y5Y",
          "rowIndex": 20,
          "columnIndex": 4
        },
        {
          "instrumentId": "167|1831849",
          "name": "25Y5Y",
          "rowIndex": 21,
          "columnIndex": 4
        },
        {
          "instrumentId": "167|1831850",
          "name": "30Y5Y",
          "rowIndex": 22,
          "columnIndex": 4
        },
        {
          "instrumentId": "167|1831851",
          "name": "1M6Y",
          "rowIndex": 2,
          "columnIndex": 5
        },
        {
          "instrumentId": "167|1831852",
          "name": "2M6Y",
          "rowIndex": 3,
          "columnIndex": 5
        },
        {
          "instrumentId": "167|1831853",
          "name": "3M6Y",
          "rowIndex": 4,
          "columnIndex": 5
        },
        {
          "instrumentId": "167|1831854",
          "name": "6M6Y",
          "rowIndex": 5,
          "columnIndex": 5
        },
        {
          "instrumentId": "167|1831855",
          "name": "9M6Y",
          "rowIndex": 6,
          "columnIndex": 5
        },
        {
          "instrumentId": "167|1831856",
          "name": "1Y6Y",
          "rowIndex": 7,
          "columnIndex": 5
        },
        {
          "instrumentId": "167|1831857",
          "name": "18M6Y",
          "rowIndex": 8,
          "columnIndex": 5
        },
        {
          "instrumentId": "167|1831858",
          "name": "2Y6Y",
          "rowIndex": 9,
          "columnIndex": 5
        },
        {
          "instrumentId": "167|1831859",
          "name": "3Y6Y",
          "rowIndex": 10,
          "columnIndex": 5
        },
        {
          "instrumentId": "167|1831860",
          "name": "4Y6Y",
          "rowIndex": 11,
          "columnIndex": 5
        },
        {
          "instrumentId": "167|1831861",
          "name": "5Y6Y",
          "rowIndex": 12,
          "columnIndex": 5
        },
        {
          "instrumentId": "167|1831862",
          "name": "6Y6Y",
          "rowIndex": 13,
          "columnIndex": 5
        },
        {
          "instrumentId": "167|1831863",
          "name": "7Y6Y",
          "rowIndex": 14,
          "columnIndex": 5
        },
        {
          "instrumentId": "167|1831864",
          "name": "8Y6Y",
          "rowIndex": 15,
          "columnIndex": 5
        },
        {
          "instrumentId": "167|1831865",
          "name": "9Y6Y",
          "rowIndex": 16,
          "columnIndex": 5
        },
        {
          "instrumentId": "167|1831866",
          "name": "10Y6Y",
          "rowIndex": 17,
          "columnIndex": 5
        },
        {
          "instrumentId": "167|1831867",
          "name": "12Y6Y",
          "rowIndex": 18,
          "columnIndex": 5
        },
        {
          "instrumentId": "167|1831868",
          "name": "15Y6Y",
          "rowIndex": 19,
          "columnIndex": 5
        },
        {
          "instrumentId": "167|1831869",
          "name": "20Y6Y",
          "rowIndex": 20,
          "columnIndex": 5
        },
        {
          "instrumentId": "167|1831870",
          "name": "25Y6Y",
          "rowIndex": 21,
          "columnIndex": 5
        },
        {
          "instrumentId": "167|1831871",
          "name": "30Y6Y",
          "rowIndex": 22,
          "columnIndex": 5
        },
        {
          "instrumentId": "167|1831872",
          "name": "1M7Y",
          "rowIndex": 2,
          "columnIndex": 6
        },
        {
          "instrumentId": "167|1831873",
          "name": "2M7Y",
          "rowIndex": 3,
          "columnIndex": 6
        },
        {
          "instrumentId": "167|1831874",
          "name": "3M7Y",
          "rowIndex": 4,
          "columnIndex": 6
        },
        {
          "instrumentId": "167|1831875",
          "name": "6M7Y",
          "rowIndex": 5,
          "columnIndex": 6
        },
        {
          "instrumentId": "167|1831876",
          "name": "9M7Y",
          "rowIndex": 6,
          "columnIndex": 6
        },
        {
          "instrumentId": "167|1831877",
          "name": "1Y7Y",
          "rowIndex": 7,
          "columnIndex": 6
        },
        {
          "instrumentId": "167|1831878",
          "name": "18M7Y",
          "rowIndex": 8,
          "columnIndex": 6
        },
        {
          "instrumentId": "167|1831879",
          "name": "2Y7Y",
          "rowIndex": 9,
          "columnIndex": 6
        },
        {
          "instrumentId": "167|1831880",
          "name": "3Y7Y",
          "rowIndex": 10,
          "columnIndex": 6
        },
        {
          "instrumentId": "167|1831881",
          "name": "4Y7Y",
          "rowIndex": 11,
          "columnIndex": 6
        },
        {
          "instrumentId": "167|1831882",
          "name": "5Y7Y",
          "rowIndex": 12,
          "columnIndex": 6
        },
        {
          "instrumentId": "167|1831883",
          "name": "6Y7Y",
          "rowIndex": 13,
          "columnIndex": 6
        },
        {
          "instrumentId": "167|1831884",
          "name": "7Y7Y",
          "rowIndex": 14,
          "columnIndex": 6
        },
        {
          "instrumentId": "167|1831885",
          "name": "8Y7Y",
          "rowIndex": 15,
          "columnIndex": 6
        },
        {
          "instrumentId": "167|1831886",
          "name": "9Y7Y",
          "rowIndex": 16,
          "columnIndex": 6
        },
        {
          "instrumentId": "167|1831887",
          "name": "10Y7Y",
          "rowIndex": 17,
          "columnIndex": 6
        },
        {
          "instrumentId": "167|1831888",
          "name": "12Y7Y",
          "rowIndex": 18,
          "columnIndex": 6
        },
        {
          "instrumentId": "167|1831889",
          "name": "15Y7Y",
          "rowIndex": 19,
          "columnIndex": 6
        },
        {
          "instrumentId": "167|1831890",
          "name": "20Y7Y",
          "rowIndex": 20,
          "columnIndex": 6
        },
        {
          "instrumentId": "167|1831891",
          "name": "25Y7Y",
          "rowIndex": 21,
          "columnIndex": 6
        },
        {
          "instrumentId": "167|1831892",
          "name": "30Y7Y",
          "rowIndex": 22,
          "columnIndex": 6
        },
        {
          "instrumentId": "167|1831893",
          "name": "1M8Y",
          "rowIndex": 2,
          "columnIndex": 7
        },
        {
          "instrumentId": "167|1831894",
          "name": "2M8Y",
          "rowIndex": 3,
          "columnIndex": 7
        },
        {
          "instrumentId": "167|1831895",
          "name": "3M8Y",
          "rowIndex": 4,
          "columnIndex": 7
        },
        {
          "instrumentId": "167|1831896",
          "name": "6M8Y",
          "rowIndex": 5,
          "columnIndex": 7
        },
        {
          "instrumentId": "167|1831897",
          "name": "9M8Y",
          "rowIndex": 6,
          "columnIndex": 7
        },
        {
          "instrumentId": "167|1831898",
          "name": "1Y8Y",
          "rowIndex": 7,
          "columnIndex": 7
        },
        {
          "instrumentId": "167|1831899",
          "name": "18M8Y",
          "rowIndex": 8,
          "columnIndex": 7
        },
        {
          "instrumentId": "167|1831900",
          "name": "2Y8Y",
          "rowIndex": 9,
          "columnIndex": 7
        },
        {
          "instrumentId": "167|1831901",
          "name": "3Y8Y",
          "rowIndex": 10,
          "columnIndex": 7
        },
        {
          "instrumentId": "167|1831902",
          "name": "4Y8Y",
          "rowIndex": 11,
          "columnIndex": 7
        },
        {
          "instrumentId": "167|1831903",
          "name": "5Y8Y",
          "rowIndex": 12,
          "columnIndex": 7
        },
        {
          "instrumentId": "167|1831904",
          "name": "6Y8Y",
          "rowIndex": 13,
          "columnIndex": 7
        },
        {
          "instrumentId": "167|1831905",
          "name": "7Y8Y",
          "rowIndex": 14,
          "columnIndex": 7
        },
        {
          "instrumentId": "167|1831906",
          "name": "8Y8Y",
          "rowIndex": 15,
          "columnIndex": 7
        },
        {
          "instrumentId": "167|1831907",
          "name": "9Y8Y",
          "rowIndex": 16,
          "columnIndex": 7
        },
        {
          "instrumentId": "167|1831908",
          "name": "10Y8Y",
          "rowIndex": 17,
          "columnIndex": 7
        },
        {
          "instrumentId": "167|1831909",
          "name": "12Y8Y",
          "rowIndex": 18,
          "columnIndex": 7
        },
        {
          "instrumentId": "167|1831910",
          "name": "15Y8Y",
          "rowIndex": 19,
          "columnIndex": 7
        },
        {
          "instrumentId": "167|1831911",
          "name": "20Y8Y",
          "rowIndex": 20,
          "columnIndex": 7
        },
        {
          "instrumentId": "167|1831912",
          "name": "25Y8Y",
          "rowIndex": 21,
          "columnIndex": 7
        },
        {
          "instrumentId": "167|1831913",
          "name": "30Y8Y",
          "rowIndex": 22,
          "columnIndex": 7
        },
        {
          "instrumentId": "167|1831914",
          "name": "1M9Y",
          "rowIndex": 2,
          "columnIndex": 8
        },
        {
          "instrumentId": "167|1831915",
          "name": "2M9Y",
          "rowIndex": 3,
          "columnIndex": 8
        },
        {
          "instrumentId": "167|1831916",
          "name": "3M9Y",
          "rowIndex": 4,
          "columnIndex": 8
        },
        {
          "instrumentId": "167|1831917",
          "name": "6M9Y",
          "rowIndex": 5,
          "columnIndex": 8
        },
        {
          "instrumentId": "167|1831918",
          "name": "9M9Y",
          "rowIndex": 6,
          "columnIndex": 8
        },
        {
          "instrumentId": "167|1831919",
          "name": "1Y9Y",
          "rowIndex": 7,
          "columnIndex": 8
        },
        {
          "instrumentId": "167|1831920",
          "name": "18M9Y",
          "rowIndex": 8,
          "columnIndex": 8
        },
        {
          "instrumentId": "167|1831921",
          "name": "2Y9Y",
          "rowIndex": 9,
          "columnIndex": 8
        },
        {
          "instrumentId": "167|1831922",
          "name": "3Y9Y",
          "rowIndex": 10,
          "columnIndex": 8
        },
        {
          "instrumentId": "167|1831923",
          "name": "4Y9Y",
          "rowIndex": 11,
          "columnIndex": 8
        },
        {
          "instrumentId": "167|1831924",
          "name": "5Y9Y",
          "rowIndex": 12,
          "columnIndex": 8
        },
        {
          "instrumentId": "167|1831925",
          "name": "6Y9Y",
          "rowIndex": 13,
          "columnIndex": 8
        },
        {
          "instrumentId": "167|1831926",
          "name": "7Y9Y",
          "rowIndex": 14,
          "columnIndex": 8
        },
        {
          "instrumentId": "167|1831927",
          "name": "8Y9Y",
          "rowIndex": 15,
          "columnIndex": 8
        },
        {
          "instrumentId": "167|1831928",
          "name": "9Y9Y",
          "rowIndex": 16,
          "columnIndex": 8
        },
        {
          "instrumentId": "167|1831929",
          "name": "10Y9Y",
          "rowIndex": 17,
          "columnIndex": 8
        },
        {
          "instrumentId": "167|1831930",
          "name": "12Y9Y",
          "rowIndex": 18,
          "columnIndex": 8
        },
        {
          "instrumentId": "167|1831931",
          "name": "15Y9Y",
          "rowIndex": 19,
          "columnIndex": 8
        },
        {
          "instrumentId": "167|1831932",
          "name": "20Y9Y",
          "rowIndex": 20,
          "columnIndex": 8
        },
        {
          "instrumentId": "167|1831933",
          "name": "25Y9Y",
          "rowIndex": 21,
          "columnIndex": 8
        },
        {
          "instrumentId": "167|1831934",
          "name": "30Y9Y",
          "rowIndex": 22,
          "columnIndex": 8
        },
        {
          "instrumentId": "167|1831935",
          "name": "1M10Y",
          "rowIndex": 2,
          "columnIndex": 9
        },
        {
          "instrumentId": "167|1831936",
          "name": "2M10Y",
          "rowIndex": 3,
          "columnIndex": 9
        },
        {
          "instrumentId": "167|1831937",
          "name": "3M10Y",
          "rowIndex": 4,
          "columnIndex": 9
        },
        {
          "instrumentId": "167|1831938",
          "name": "6M10Y",
          "rowIndex": 5,
          "columnIndex": 9
        },
        {
          "instrumentId": "167|1831939",
          "name": "9M10Y",
          "rowIndex": 6,
          "columnIndex": 9
        },
        {
          "instrumentId": "167|1831940",
          "name": "1Y10Y",
          "rowIndex": 7,
          "columnIndex": 9
        },
        {
          "instrumentId": "167|1831941",
          "name": "18M10Y",
          "rowIndex": 8,
          "columnIndex": 9
        },
        {
          "instrumentId": "167|1831942",
          "name": "2Y10Y",
          "rowIndex": 9,
          "columnIndex": 9
        },
        {
          "instrumentId": "167|1831943",
          "name": "3Y10Y",
          "rowIndex": 10,
          "columnIndex": 9
        },
        {
          "instrumentId": "167|1831944",
          "name": "4Y10Y",
          "rowIndex": 11,
          "columnIndex": 9
        },
        {
          "instrumentId": "167|1831945",
          "name": "5Y10Y",
          "rowIndex": 12,
          "columnIndex": 9
        },
        {
          "instrumentId": "167|1831946",
          "name": "6Y10Y",
          "rowIndex": 13,
          "columnIndex": 9
        },
        {
          "instrumentId": "167|1831947",
          "name": "7Y10Y",
          "rowIndex": 14,
          "columnIndex": 9
        },
        {
          "instrumentId": "167|1831948",
          "name": "8Y10Y",
          "rowIndex": 15,
          "columnIndex": 9
        },
        {
          "instrumentId": "167|1831949",
          "name": "9Y10Y",
          "rowIndex": 16,
          "columnIndex": 9
        },
        {
          "instrumentId": "167|1831950",
          "name": "10Y10Y",
          "rowIndex": 17,
          "columnIndex": 9
        },
        {
          "instrumentId": "167|1831951",
          "name": "12Y10Y",
          "rowIndex": 18,
          "columnIndex": 9
        },
        {
          "instrumentId": "167|1831952",
          "name": "15Y10Y",
          "rowIndex": 19,
          "columnIndex": 9
        },
        {
          "instrumentId": "167|1831953",
          "name": "20Y10Y",
          "rowIndex": 20,
          "columnIndex": 9
        },
        {
          "instrumentId": "167|1831954",
          "name": "25Y10Y",
          "rowIndex": 21,
          "columnIndex": 9
        },
        {
          "instrumentId": "167|1831955",
          "name": "30Y10Y",
          "rowIndex": 22,
          "columnIndex": 9
        },
        {
          "instrumentId": "167|1831956",
          "name": "1M15Y",
          "rowIndex": 2,
          "columnIndex": 10
        },
        {
          "instrumentId": "167|1831957",
          "name": "2M15Y",
          "rowIndex": 3,
          "columnIndex": 10
        },
        {
          "instrumentId": "167|1831958",
          "name": "3M15Y",
          "rowIndex": 4,
          "columnIndex": 10
        },
        {
          "instrumentId": "167|1831959",
          "name": "6M15Y",
          "rowIndex": 5,
          "columnIndex": 10
        },
        {
          "instrumentId": "167|1831960",
          "name": "9M15Y",
          "rowIndex": 6,
          "columnIndex": 10
        },
        {
          "instrumentId": "167|1831961",
          "name": "1Y15Y",
          "rowIndex": 7,
          "columnIndex": 10
        },
        {
          "instrumentId": "167|1831962",
          "name": "18M15Y",
          "rowIndex": 8,
          "columnIndex": 10
        },
        {
          "instrumentId": "167|1831963",
          "name": "2Y15Y",
          "rowIndex": 9,
          "columnIndex": 10
        },
        {
          "instrumentId": "167|1831964",
          "name": "3Y15Y",
          "rowIndex": 10,
          "columnIndex": 10
        },
        {
          "instrumentId": "167|1831965",
          "name": "4Y15Y",
          "rowIndex": 11,
          "columnIndex": 10
        },
        {
          "instrumentId": "167|1831966",
          "name": "5Y15Y",
          "rowIndex": 12,
          "columnIndex": 10
        },
        {
          "instrumentId": "167|1831967",
          "name": "6Y15Y",
          "rowIndex": 13,
          "columnIndex": 10
        },
        {
          "instrumentId": "167|1831968",
          "name": "7Y15Y",
          "rowIndex": 14,
          "columnIndex": 10
        },
        {
          "instrumentId": "167|1831969",
          "name": "8Y15Y",
          "rowIndex": 15,
          "columnIndex": 10
        },
        {
          "instrumentId": "167|1831970",
          "name": "9Y15Y",
          "rowIndex": 16,
          "columnIndex": 10
        },
        {
          "instrumentId": "167|1831971",
          "name": "10Y15Y",
          "rowIndex": 17,
          "columnIndex": 10
        },
        {
          "instrumentId": "167|1831972",
          "name": "12Y15Y",
          "rowIndex": 18,
          "columnIndex": 10
        },
        {
          "instrumentId": "167|1831973",
          "name": "15Y15Y",
          "rowIndex": 19,
          "columnIndex": 10
        },
        {
          "instrumentId": "167|1831974",
          "name": "20Y15Y",
          "rowIndex": 20,
          "columnIndex": 10
        },
        {
          "instrumentId": "167|1831975",
          "name": "25Y15Y",
          "rowIndex": 21,
          "columnIndex": 10
        },
        {
          "instrumentId": "167|1831976",
          "name": "30Y15Y",
          "rowIndex": 22,
          "columnIndex": 10
        },
        {
          "instrumentId": "167|1831977",
          "name": "1M20Y",
          "rowIndex": 2,
          "columnIndex": 11
        },
        {
          "instrumentId": "167|1831978",
          "name": "2M20Y",
          "rowIndex": 3,
          "columnIndex": 11
        },
        {
          "instrumentId": "167|1831979",
          "name": "3M20Y",
          "rowIndex": 4,
          "columnIndex": 11
        },
        {
          "instrumentId": "167|1831980",
          "name": "6M20Y",
          "rowIndex": 5,
          "columnIndex": 11
        },
        {
          "instrumentId": "167|1831981",
          "name": "9M20Y",
          "rowIndex": 6,
          "columnIndex": 11
        },
        {
          "instrumentId": "167|1831982",
          "name": "1Y20Y",
          "rowIndex": 7,
          "columnIndex": 11
        },
        {
          "instrumentId": "167|1831983",
          "name": "18M20Y",
          "rowIndex": 8,
          "columnIndex": 11
        },
        {
          "instrumentId": "167|1831984",
          "name": "2Y20Y",
          "rowIndex": 9,
          "columnIndex": 11
        },
        {
          "instrumentId": "167|1831985",
          "name": "3Y20Y",
          "rowIndex": 10,
          "columnIndex": 11
        },
        {
          "instrumentId": "167|1831986",
          "name": "4Y20Y",
          "rowIndex": 11,
          "columnIndex": 11
        },
        {
          "instrumentId": "167|1831987",
          "name": "5Y20Y",
          "rowIndex": 12,
          "columnIndex": 11
        },
        {
          "instrumentId": "167|1831988",
          "name": "6Y20Y",
          "rowIndex": 13,
          "columnIndex": 11
        },
        {
          "instrumentId": "167|1831989",
          "name": "7Y20Y",
          "rowIndex": 14,
          "columnIndex": 11
        },
        {
          "instrumentId": "167|1831990",
          "name": "8Y20Y",
          "rowIndex": 15,
          "columnIndex": 11
        },
        {
          "instrumentId": "167|1831991",
          "name": "9Y20Y",
          "rowIndex": 16,
          "columnIndex": 11
        },
        {
          "instrumentId": "167|1831992",
          "name": "10Y20Y",
          "rowIndex": 17,
          "columnIndex": 11
        },
        {
          "instrumentId": "167|1831993",
          "name": "12Y20Y",
          "rowIndex": 18,
          "columnIndex": 11
        },
        {
          "instrumentId": "167|1831994",
          "name": "15Y20Y",
          "rowIndex": 19,
          "columnIndex": 11
        },
        {
          "instrumentId": "167|1831995",
          "name": "20Y20Y",
          "rowIndex": 20,
          "columnIndex": 11
        },
        {
          "instrumentId": "167|1831996",
          "name": "25Y20Y",
          "rowIndex": 21,
          "columnIndex": 11
        },
        {
          "instrumentId": "167|1831997",
          "name": "30Y20Y",
          "rowIndex": 22,
          "columnIndex": 11
        },
        {
          "instrumentId": "167|1831998",
          "name": "1M25Y",
          "rowIndex": 2,
          "columnIndex": 12
        },
        {
          "instrumentId": "167|1831999",
          "name": "2M25Y",
          "rowIndex": 3,
          "columnIndex": 12
        },
        {
          "instrumentId": "167|1832000",
          "name": "3M25Y",
          "rowIndex": 4,
          "columnIndex": 12
        },
        {
          "instrumentId": "167|1832001",
          "name": "6M25Y",
          "rowIndex": 5,
          "columnIndex": 12
        },
        {
          "instrumentId": "167|1832002",
          "name": "9M25Y",
          "rowIndex": 6,
          "columnIndex": 12
        },
        {
          "instrumentId": "167|1832003",
          "name": "1Y25Y",
          "rowIndex": 7,
          "columnIndex": 12
        },
        {
          "instrumentId": "167|1832004",
          "name": "18M25Y",
          "rowIndex": 8,
          "columnIndex": 12
        },
        {
          "instrumentId": "167|1832005",
          "name": "2Y25Y",
          "rowIndex": 9,
          "columnIndex": 12
        },
        {
          "instrumentId": "167|1832006",
          "name": "3Y25Y",
          "rowIndex": 10,
          "columnIndex": 12
        },
        {
          "instrumentId": "167|1832007",
          "name": "4Y25Y",
          "rowIndex": 11,
          "columnIndex": 12
        },
        {
          "instrumentId": "167|1832008",
          "name": "5Y25Y",
          "rowIndex": 12,
          "columnIndex": 12
        },
        {
          "instrumentId": "167|1832009",
          "name": "6Y25Y",
          "rowIndex": 13,
          "columnIndex": 12
        },
        {
          "instrumentId": "167|1832010",
          "name": "7Y25Y",
          "rowIndex": 14,
          "columnIndex": 12
        },
        {
          "instrumentId": "167|1832011",
          "name": "8Y25Y",
          "rowIndex": 15,
          "columnIndex": 12
        },
        {
          "instrumentId": "167|1832012",
          "name": "9Y25Y",
          "rowIndex": 16,
          "columnIndex": 12
        },
        {
          "instrumentId": "167|1832013",
          "name": "10Y25Y",
          "rowIndex": 17,
          "columnIndex": 12
        },
        {
          "instrumentId": "167|1832014",
          "name": "12Y25Y",
          "rowIndex": 18,
          "columnIndex": 12
        },
        {
          "instrumentId": "167|1832015",
          "name": "15Y25Y",
          "rowIndex": 19,
          "columnIndex": 12
        },
        {
          "instrumentId": "167|1832016",
          "name": "20Y25Y",
          "rowIndex": 20,
          "columnIndex": 12
        },
        {
          "instrumentId": "167|1832017",
          "name": "25Y25Y",
          "rowIndex": 21,
          "columnIndex": 12
        },
        {
          "instrumentId": "167|1832018",
          "name": "30Y25Y",
          "rowIndex": 22,
          "columnIndex": 12
        },
        {
          "instrumentId": "167|1832019",
          "name": "1M30Y",
          "rowIndex": 2,
          "columnIndex": 13
        },
        {
          "instrumentId": "167|1832020",
          "name": "2M30Y",
          "rowIndex": 3,
          "columnIndex": 13
        },
        {
          "instrumentId": "167|1832021",
          "name": "3M30Y",
          "rowIndex": 4,
          "columnIndex": 13
        },
        {
          "instrumentId": "167|1832022",
          "name": "6M30Y",
          "rowIndex": 5,
          "columnIndex": 13
        },
        {
          "instrumentId": "167|1832023",
          "name": "9M30Y",
          "rowIndex": 6,
          "columnIndex": 13
        },
        {
          "instrumentId": "167|1832024",
          "name": "1Y30Y",
          "rowIndex": 7,
          "columnIndex": 13
        },
        {
          "instrumentId": "167|1832025",
          "name": "18M30Y",
          "rowIndex": 8,
          "columnIndex": 13
        },
        {
          "instrumentId": "167|1832026",
          "name": "2Y30Y",
          "rowIndex": 9,
          "columnIndex": 13
        },
        {
          "instrumentId": "167|1832027",
          "name": "3Y30Y",
          "rowIndex": 10,
          "columnIndex": 13
        },
        {
          "instrumentId": "167|1832028",
          "name": "4Y30Y",
          "rowIndex": 11,
          "columnIndex": 13
        },
        {
          "instrumentId": "167|1832029",
          "name": "5Y30Y",
          "rowIndex": 12,
          "columnIndex": 13
        },
        {
          "instrumentId": "167|1832030",
          "name": "6Y30Y",
          "rowIndex": 13,
          "columnIndex": 13
        },
        {
          "instrumentId": "167|1832031",
          "name": "7Y30Y",
          "rowIndex": 14,
          "columnIndex": 13
        }

      ]
    },
    {
      "matrixId": "EUR_VM_PAYER MATRIX",
      "matrixName": "PAYER",
      "layoutType": "matrix",
      "columnHeaderList": [
        "1Y",
        "2Y",
        "3Y",
        "4Y",
        "5Y",
        "6Y",
        "7Y",
        "8Y",
        "9Y",
        "10Y",
        "15Y",
        "20Y",
        "25Y",
        "30Y"
      ],
      "rowHeaderList": [
        "1W",
        "2W",
        "1M",
        "2M",
        "3M",
        "6M",
        "9M",
        "1Y",
        "18M",
        "2Y",
        "3Y",
        "4Y",
        "5Y",
        "6Y",
        "7Y",
        "8Y",
        "9Y",
        "10Y",
        "12Y",
        "15Y",
        "20Y",
        "25Y",
        "30Y"
      ],
      "instrumentList": [{"instrumentId":"167|1831746","name":"1M1Y","rowIndex":2,"columnIndex":0},{"instrumentId":"167|1831747","name":"2M1Y","rowIndex":3,"columnIndex":0},{"instrumentId":"167|1831748","name":"3M1Y","rowIndex":4,"columnIndex":0},{"instrumentId":"167|1831749","name":"6M1Y","rowIndex":5,"columnIndex":0},{"instrumentId":"167|1831750","name":"9M1Y","rowIndex":6,"columnIndex":0},{"instrumentId":"167|1831751","name":"1Y1Y","rowIndex":7,"columnIndex":0},{"instrumentId":"167|1831752","name":"18M1Y","rowIndex":8,"columnIndex":0},{"instrumentId":"167|1831753","name":"2Y1Y","rowIndex":9,"columnIndex":0},{"instrumentId":"167|1831754","name":"3Y1Y","rowIndex":10,"columnIndex":0},{"instrumentId":"167|1831755","name":"4Y1Y","rowIndex":11,"columnIndex":0},{"instrumentId":"167|1831756","name":"5Y1Y","rowIndex":12,"columnIndex":0},{"instrumentId":"167|1831757","name":"6Y1Y","rowIndex":13,"columnIndex":0},{"instrumentId":"167|1831758","name":"7Y1Y","rowIndex":14,"columnIndex":0},{"instrumentId":"167|1831759","name":"8Y1Y","rowIndex":15,"columnIndex":0},{"instrumentId":"167|1831760","name":"9Y1Y","rowIndex":16,"columnIndex":0},{"instrumentId":"167|1831761","name":"10Y1Y","rowIndex":17,"columnIndex":0},{"instrumentId":"167|1831762","name":"12Y1Y","rowIndex":18,"columnIndex":0},{"instrumentId":"167|1831763","name":"15Y1Y","rowIndex":19,"columnIndex":0},{"instrumentId":"167|1831764","name":"20Y1Y","rowIndex":20,"columnIndex":0},{"instrumentId":"167|1831765","name":"25Y1Y","rowIndex":21,"columnIndex":0},{"instrumentId":"167|1831766","name":"30Y1Y","rowIndex":22,"columnIndex":0},{"instrumentId":"167|1831767","name":"1M2Y","rowIndex":2,"columnIndex":1},{"instrumentId":"167|1831768","name":"2M2Y","rowIndex":3,"columnIndex":1},{"instrumentId":"167|1831769","name":"3M2Y","rowIndex":4,"columnIndex":1},{"instrumentId":"167|1831770","name":"6M2Y","rowIndex":5,"columnIndex":1},{"instrumentId":"167|1831771","name":"9M2Y","rowIndex":6,"columnIndex":1},{"instrumentId":"167|1831772","name":"1Y2Y","rowIndex":7,"columnIndex":1},{"instrumentId":"167|1831773","name":"18M2Y","rowIndex":8,"columnIndex":1},{"instrumentId":"167|1831774","name":"2Y2Y","rowIndex":9,"columnIndex":1},{"instrumentId":"167|1831775","name":"3Y2Y","rowIndex":10,"columnIndex":1},{"instrumentId":"167|1831776","name":"4Y2Y","rowIndex":11,"columnIndex":1},{"instrumentId":"167|1831777","name":"5Y2Y","rowIndex":12,"columnIndex":1},{"instrumentId":"167|1831778","name":"6Y2Y","rowIndex":13,"columnIndex":1},{"instrumentId":"167|1831779","name":"7Y2Y","rowIndex":14,"columnIndex":1},{"instrumentId":"167|1831780","name":"8Y2Y","rowIndex":15,"columnIndex":1},{"instrumentId":"167|1831781","name":"9Y2Y","rowIndex":16,"columnIndex":1},{"instrumentId":"167|1831782","name":"10Y2Y","rowIndex":17,"columnIndex":1},{"instrumentId":"167|1831783","name":"12Y2Y","rowIndex":18,"columnIndex":1},{"instrumentId":"167|1831784","name":"15Y2Y","rowIndex":19,"columnIndex":1},{"instrumentId":"167|1831785","name":"20Y2Y","rowIndex":20,"columnIndex":1},{"instrumentId":"167|1831786","name":"25Y2Y","rowIndex":21,"columnIndex":1},{"instrumentId":"167|1831787","name":"30Y2Y","rowIndex":22,"columnIndex":1},{"instrumentId":"167|1831788","name":"1M3Y","rowIndex":2,"columnIndex":2},{"instrumentId":"167|1831789","name":"2M3Y","rowIndex":3,"columnIndex":2},{"instrumentId":"167|1831790","name":"3M3Y","rowIndex":4,"columnIndex":2},{"instrumentId":"167|1831791","name":"6M3Y","rowIndex":5,"columnIndex":2},{"instrumentId":"167|1831792","name":"9M3Y","rowIndex":6,"columnIndex":2},{"instrumentId":"167|1831793","name":"1Y3Y","rowIndex":7,"columnIndex":2},{"instrumentId":"167|1831794","name":"18M3Y","rowIndex":8,"columnIndex":2},{"instrumentId":"167|1831795","name":"2Y3Y","rowIndex":9,"columnIndex":2},{"instrumentId":"167|1831796","name":"3Y3Y","rowIndex":10,"columnIndex":2},{"instrumentId":"167|1831797","name":"4Y3Y","rowIndex":11,"columnIndex":2},{"instrumentId":"167|1831798","name":"5Y3Y","rowIndex":12,"columnIndex":2},{"instrumentId":"167|1831799","name":"6Y3Y","rowIndex":13,"columnIndex":2},{"instrumentId":"167|1831800","name":"7Y3Y","rowIndex":14,"columnIndex":2},{"instrumentId":"167|1831801","name":"8Y3Y","rowIndex":15,"columnIndex":2},{"instrumentId":"167|1831802","name":"9Y3Y","rowIndex":16,"columnIndex":2},{"instrumentId":"167|1831803","name":"10Y3Y","rowIndex":17,"columnIndex":2},{"instrumentId":"167|1831804","name":"12Y3Y","rowIndex":18,"columnIndex":2},{"instrumentId":"167|1831805","name":"15Y3Y","rowIndex":19,"columnIndex":2},{"instrumentId":"167|1831806","name":"20Y3Y","rowIndex":20,"columnIndex":2},{"instrumentId":"167|1831807","name":"25Y3Y","rowIndex":21,"columnIndex":2},{"instrumentId":"167|1831808","name":"30Y3Y","rowIndex":22,"columnIndex":2},{"instrumentId":"167|1831809","name":"1M4Y","rowIndex":2,"columnIndex":3},{"instrumentId":"167|1831810","name":"2M4Y","rowIndex":3,"columnIndex":3},{"instrumentId":"167|1831811","name":"3M4Y","rowIndex":4,"columnIndex":3},{"instrumentId":"167|1831812","name":"6M4Y","rowIndex":5,"columnIndex":3},{"instrumentId":"167|1831813","name":"9M4Y","rowIndex":6,"columnIndex":3},{"instrumentId":"167|1831814","name":"1Y4Y","rowIndex":7,"columnIndex":3},{"instrumentId":"167|1831815","name":"18M4Y","rowIndex":8,"columnIndex":3},{"instrumentId":"167|1831816","name":"2Y4Y","rowIndex":9,"columnIndex":3},{"instrumentId":"167|1831817","name":"3Y4Y","rowIndex":10,"columnIndex":3},{"instrumentId":"167|1831818","name":"4Y4Y","rowIndex":11,"columnIndex":3},{"instrumentId":"167|1831819","name":"5Y4Y","rowIndex":12,"columnIndex":3},{"instrumentId":"167|1831820","name":"6Y4Y","rowIndex":13,"columnIndex":3},{"instrumentId":"167|1831821","name":"7Y4Y","rowIndex":14,"columnIndex":3},{"instrumentId":"167|1831822","name":"8Y4Y","rowIndex":15,"columnIndex":3},{"instrumentId":"167|1831823","name":"9Y4Y","rowIndex":16,"columnIndex":3},{"instrumentId":"167|1831824","name":"10Y4Y","rowIndex":17,"columnIndex":3},{"instrumentId":"167|1831825","name":"12Y4Y","rowIndex":18,"columnIndex":3},{"instrumentId":"167|1831826","name":"15Y4Y","rowIndex":19,"columnIndex":3},{"instrumentId":"167|1831827","name":"20Y4Y","rowIndex":20,"columnIndex":3},{"instrumentId":"167|1831828","name":"25Y4Y","rowIndex":21,"columnIndex":3},{"instrumentId":"167|1831829","name":"30Y4Y","rowIndex":22,"columnIndex":3},{"instrumentId":"167|1831830","name":"1M5Y","rowIndex":2,"columnIndex":4},{"instrumentId":"167|1831831","name":"2M5Y","rowIndex":3,"columnIndex":4},{"instrumentId":"167|1831832","name":"3M5Y","rowIndex":4,"columnIndex":4},{"instrumentId":"167|1831833","name":"6M5Y","rowIndex":5,"columnIndex":4},{"instrumentId":"167|1831834","name":"9M5Y","rowIndex":6,"columnIndex":4},{"instrumentId":"167|1831835","name":"1Y5Y","rowIndex":7,"columnIndex":4},{"instrumentId":"167|1831836","name":"18M5Y","rowIndex":8,"columnIndex":4},{"instrumentId":"167|1831837","name":"2Y5Y","rowIndex":9,"columnIndex":4},{"instrumentId":"167|1831838","name":"3Y5Y","rowIndex":10,"columnIndex":4},{"instrumentId":"167|1831839","name":"4Y5Y","rowIndex":11,"columnIndex":4},{"instrumentId":"167|1831840","name":"5Y5Y","rowIndex":12,"columnIndex":4},{"instrumentId":"167|1831841","name":"6Y5Y","rowIndex":13,"columnIndex":4},{"instrumentId":"167|1831842","name":"7Y5Y","rowIndex":14,"columnIndex":4},{"instrumentId":"167|1831843","name":"8Y5Y","rowIndex":15,"columnIndex":4},{"instrumentId":"167|1831844","name":"9Y5Y","rowIndex":16,"columnIndex":4},{"instrumentId":"167|1831845","name":"10Y5Y","rowIndex":17,"columnIndex":4},{"instrumentId":"167|1831846","name":"12Y5Y","rowIndex":18,"columnIndex":4},{"instrumentId":"167|1831847","name":"15Y5Y","rowIndex":19,"columnIndex":4},{"instrumentId":"167|1831848","name":"20Y5Y","rowIndex":20,"columnIndex":4},{"instrumentId":"167|1831849","name":"25Y5Y","rowIndex":21,"columnIndex":4},{"instrumentId":"167|1831850","name":"30Y5Y","rowIndex":22,"columnIndex":4},{"instrumentId":"167|1831851","name":"1M6Y","rowIndex":2,"columnIndex":5},{"instrumentId":"167|1831852","name":"2M6Y","rowIndex":3,"columnIndex":5},{"instrumentId":"167|1831853","name":"3M6Y","rowIndex":4,"columnIndex":5},{"instrumentId":"167|1831854","name":"6M6Y","rowIndex":5,"columnIndex":5},{"instrumentId":"167|1831855","name":"9M6Y","rowIndex":6,"columnIndex":5},{"instrumentId":"167|1831856","name":"1Y6Y","rowIndex":7,"columnIndex":5},{"instrumentId":"167|1831857","name":"18M6Y","rowIndex":8,"columnIndex":5},{"instrumentId":"167|1831858","name":"2Y6Y","rowIndex":9,"columnIndex":5},{"instrumentId":"167|1831859","name":"3Y6Y","rowIndex":10,"columnIndex":5},{"instrumentId":"167|1831860","name":"4Y6Y","rowIndex":11,"columnIndex":5},{"instrumentId":"167|1831861","name":"5Y6Y","rowIndex":12,"columnIndex":5},{"instrumentId":"167|1831862","name":"6Y6Y","rowIndex":13,"columnIndex":5},{"instrumentId":"167|1831863","name":"7Y6Y","rowIndex":14,"columnIndex":5},{"instrumentId":"167|1831864","name":"8Y6Y","rowIndex":15,"columnIndex":5},{"instrumentId":"167|1831865","name":"9Y6Y","rowIndex":16,"columnIndex":5},{"instrumentId":"167|1831866","name":"10Y6Y","rowIndex":17,"columnIndex":5},{"instrumentId":"167|1831867","name":"12Y6Y","rowIndex":18,"columnIndex":5},{"instrumentId":"167|1831868","name":"15Y6Y","rowIndex":19,"columnIndex":5}]
    },
    {
      "matrixId": "EUR_VM_PAYER MATRIX",
      "matrixName": "RECEIVER",
      "layoutType": "matrix",
      "columnHeaderList": [
        "1Y",
        "2Y",
        "3Y",
        "4Y",
        "5Y",
        "6Y",
        "7Y",
        "8Y",
        "9Y",
        "10Y",
        "15Y",
        "20Y",
        "25Y",
        "30Y"
      ],
      "rowHeaderList": [
        "1W",
        "2W",
        "1M",
        "2M",
        "3M",
        "6M",
        "9M",
        "1Y",
        "18M",
        "2Y",
        "3Y",
        "4Y",
        "5Y",
        "6Y",
        "7Y",
        "8Y",
        "9Y",
        "10Y",
        "12Y",
        "15Y",
        "20Y",
        "25Y",
        "30Y"
      ],
      "instrumentList": [{"instrumentId":"167|1831755","name":"4Y1Y","rowIndex":11,"columnIndex":0},{"instrumentId":"167|1831756","name":"5Y1Y","rowIndex":12,"columnIndex":0},{"instrumentId":"167|1831757","name":"6Y1Y","rowIndex":13,"columnIndex":0},{"instrumentId":"167|1831758","name":"7Y1Y","rowIndex":14,"columnIndex":0},{"instrumentId":"167|1831759","name":"8Y1Y","rowIndex":15,"columnIndex":0},{"instrumentId":"167|1831760","name":"9Y1Y","rowIndex":16,"columnIndex":0},{"instrumentId":"167|1831761","name":"10Y1Y","rowIndex":17,"columnIndex":0},{"instrumentId":"167|1831762","name":"12Y1Y","rowIndex":18,"columnIndex":0},{"instrumentId":"167|1831763","name":"15Y1Y","rowIndex":19,"columnIndex":0},{"instrumentId":"167|1831764","name":"20Y1Y","rowIndex":20,"columnIndex":0},{"instrumentId":"167|1831765","name":"25Y1Y","rowIndex":21,"columnIndex":0},{"instrumentId":"167|1831766","name":"30Y1Y","rowIndex":22,"columnIndex":0},{"instrumentId":"167|1831767","name":"1M2Y","rowIndex":2,"columnIndex":1},{"instrumentId":"167|1831768","name":"2M2Y","rowIndex":3,"columnIndex":1},{"instrumentId":"167|1831769","name":"3M2Y","rowIndex":4,"columnIndex":1},{"instrumentId":"167|1831770","name":"6M2Y","rowIndex":5,"columnIndex":1},{"instrumentId":"167|1831771","name":"9M2Y","rowIndex":6,"columnIndex":1},{"instrumentId":"167|1831772","name":"1Y2Y","rowIndex":7,"columnIndex":1},{"instrumentId":"167|1831773","name":"18M2Y","rowIndex":8,"columnIndex":1},{"instrumentId":"167|1831774","name":"2Y2Y","rowIndex":9,"columnIndex":1},{"instrumentId":"167|1831775","name":"3Y2Y","rowIndex":10,"columnIndex":1},{"instrumentId":"167|1831776","name":"4Y2Y","rowIndex":11,"columnIndex":1},{"instrumentId":"167|1831777","name":"5Y2Y","rowIndex":12,"columnIndex":1},{"instrumentId":"167|1831778","name":"6Y2Y","rowIndex":13,"columnIndex":1},{"instrumentId":"167|1831779","name":"7Y2Y","rowIndex":14,"columnIndex":1},{"instrumentId":"167|1831780","name":"8Y2Y","rowIndex":15,"columnIndex":1},{"instrumentId":"167|1831781","name":"9Y2Y","rowIndex":16,"columnIndex":1},{"instrumentId":"167|1831782","name":"10Y2Y","rowIndex":17,"columnIndex":1},{"instrumentId":"167|1831783","name":"12Y2Y","rowIndex":18,"columnIndex":1},{"instrumentId":"167|1831784","name":"15Y2Y","rowIndex":19,"columnIndex":1},{"instrumentId":"167|1831785","name":"20Y2Y","rowIndex":20,"columnIndex":1},{"instrumentId":"167|1831786","name":"25Y2Y","rowIndex":21,"columnIndex":1},{"instrumentId":"167|1831787","name":"30Y2Y","rowIndex":22,"columnIndex":1},{"instrumentId":"167|1831788","name":"1M3Y","rowIndex":2,"columnIndex":2},{"instrumentId":"167|1831789","name":"2M3Y","rowIndex":3,"columnIndex":2},{"instrumentId":"167|1831790","name":"3M3Y","rowIndex":4,"columnIndex":2},{"instrumentId":"167|1831791","name":"6M3Y","rowIndex":5,"columnIndex":2},{"instrumentId":"167|1831792","name":"9M3Y","rowIndex":6,"columnIndex":2},{"instrumentId":"167|1831793","name":"1Y3Y","rowIndex":7,"columnIndex":2},{"instrumentId":"167|1831794","name":"18M3Y","rowIndex":8,"columnIndex":2},{"instrumentId":"167|1831795","name":"2Y3Y","rowIndex":9,"columnIndex":2},{"instrumentId":"167|1831796","name":"3Y3Y","rowIndex":10,"columnIndex":2},{"instrumentId":"167|1831797","name":"4Y3Y","rowIndex":11,"columnIndex":2},{"instrumentId":"167|1831798","name":"5Y3Y","rowIndex":12,"columnIndex":2},{"instrumentId":"167|1831799","name":"6Y3Y","rowIndex":13,"columnIndex":2},{"instrumentId":"167|1831800","name":"7Y3Y","rowIndex":14,"columnIndex":2},{"instrumentId":"167|1831801","name":"8Y3Y","rowIndex":15,"columnIndex":2},{"instrumentId":"167|1831802","name":"9Y3Y","rowIndex":16,"columnIndex":2},{"instrumentId":"167|1831803","name":"10Y3Y","rowIndex":17,"columnIndex":2},{"instrumentId":"167|1831804","name":"12Y3Y","rowIndex":18,"columnIndex":2},{"instrumentId":"167|1831805","name":"15Y3Y","rowIndex":19,"columnIndex":2},{"instrumentId":"167|1831806","name":"20Y3Y","rowIndex":20,"columnIndex":2},{"instrumentId":"167|1831807","name":"25Y3Y","rowIndex":21,"columnIndex":2},{"instrumentId":"167|1831808","name":"30Y3Y","rowIndex":22,"columnIndex":2},{"instrumentId":"167|1831809","name":"1M4Y","rowIndex":2,"columnIndex":3},{"instrumentId":"167|1831810","name":"2M4Y","rowIndex":3,"columnIndex":3},{"instrumentId":"167|1831811","name":"3M4Y","rowIndex":4,"columnIndex":3},{"instrumentId":"167|1831812","name":"6M4Y","rowIndex":5,"columnIndex":3},{"instrumentId":"167|1831813","name":"9M4Y","rowIndex":6,"columnIndex":3},{"instrumentId":"167|1831814","name":"1Y4Y","rowIndex":7,"columnIndex":3},{"instrumentId":"167|1831815","name":"18M4Y","rowIndex":8,"columnIndex":3},{"instrumentId":"167|1831816","name":"2Y4Y","rowIndex":9,"columnIndex":3},{"instrumentId":"167|1831817","name":"3Y4Y","rowIndex":10,"columnIndex":3},{"instrumentId":"167|1831818","name":"4Y4Y","rowIndex":11,"columnIndex":3},{"instrumentId":"167|1831819","name":"5Y4Y","rowIndex":12,"columnIndex":3},{"instrumentId":"167|1831820","name":"6Y4Y","rowIndex":13,"columnIndex":3},{"instrumentId":"167|1831821","name":"7Y4Y","rowIndex":14,"columnIndex":3},{"instrumentId":"167|1831822","name":"8Y4Y","rowIndex":15,"columnIndex":3},{"instrumentId":"167|1831823","name":"9Y4Y","rowIndex":16,"columnIndex":3},{"instrumentId":"167|1831824","name":"10Y4Y","rowIndex":17,"columnIndex":3},{"instrumentId":"167|1831825","name":"12Y4Y","rowIndex":18,"columnIndex":3},{"instrumentId":"167|1831826","name":"15Y4Y","rowIndex":19,"columnIndex":3},{"instrumentId":"167|1831827","name":"20Y4Y","rowIndex":20,"columnIndex":3},{"instrumentId":"167|1831828","name":"25Y4Y","rowIndex":21,"columnIndex":3},{"instrumentId":"167|1831829","name":"30Y4Y","rowIndex":22,"columnIndex":3},{"instrumentId":"167|1831830","name":"1M5Y","rowIndex":2,"columnIndex":4},{"instrumentId":"167|1831831","name":"2M5Y","rowIndex":3,"columnIndex":4},{"instrumentId":"167|1831832","name":"3M5Y","rowIndex":4,"columnIndex":4},{"instrumentId":"167|1831833","name":"6M5Y","rowIndex":5,"columnIndex":4},{"instrumentId":"167|1831834","name":"9M5Y","rowIndex":6,"columnIndex":4},{"instrumentId":"167|1831835","name":"1Y5Y","rowIndex":7,"columnIndex":4},{"instrumentId":"167|1831836","name":"18M5Y","rowIndex":8,"columnIndex":4},{"instrumentId":"167|1831837","name":"2Y5Y","rowIndex":9,"columnIndex":4},{"instrumentId":"167|1831838","name":"3Y5Y","rowIndex":10,"columnIndex":4},{"instrumentId":"167|1831839","name":"4Y5Y","rowIndex":11,"columnIndex":4},{"instrumentId":"167|1831840","name":"5Y5Y","rowIndex":12,"columnIndex":4},{"instrumentId":"167|1831841","name":"6Y5Y","rowIndex":13,"columnIndex":4},{"instrumentId":"167|1831842","name":"7Y5Y","rowIndex":14,"columnIndex":4},{"instrumentId":"167|1831843","name":"8Y5Y","rowIndex":15,"columnIndex":4},{"instrumentId":"167|1831844","name":"9Y5Y","rowIndex":16,"columnIndex":4},{"instrumentId":"167|1831845","name":"10Y5Y","rowIndex":17,"columnIndex":4},{"instrumentId":"167|1831846","name":"12Y5Y","rowIndex":18,"columnIndex":4},{"instrumentId":"167|1831847","name":"15Y5Y","rowIndex":19,"columnIndex":4},{"instrumentId":"167|1831848","name":"20Y5Y","rowIndex":20,"columnIndex":4},{"instrumentId":"167|1831849","name":"25Y5Y","rowIndex":21,"columnIndex":4},{"instrumentId":"167|1831850","name":"30Y5Y","rowIndex":22,"columnIndex":4},{"instrumentId":"167|1831851","name":"1M6Y","rowIndex":2,"columnIndex":5},{"instrumentId":"167|1831852","name":"2M6Y","rowIndex":3,"columnIndex":5},{"instrumentId":"167|1831853","name":"3M6Y","rowIndex":4,"columnIndex":5},{"instrumentId":"167|1831854","name":"6M6Y","rowIndex":5,"columnIndex":5},{"instrumentId":"167|1831855","name":"9M6Y","rowIndex":6,"columnIndex":5},{"instrumentId":"167|1831856","name":"1Y6Y","rowIndex":7,"columnIndex":5},{"instrumentId":"167|1831857","name":"18M6Y","rowIndex":8,"columnIndex":5},{"instrumentId":"167|1831858","name":"2Y6Y","rowIndex":9,"columnIndex":5},{"instrumentId":"167|1831859","name":"3Y6Y","rowIndex":10,"columnIndex":5},{"instrumentId":"167|1831860","name":"4Y6Y","rowIndex":11,"columnIndex":5},{"instrumentId":"167|1831861","name":"5Y6Y","rowIndex":12,"columnIndex":5},{"instrumentId":"167|1831862","name":"6Y6Y","rowIndex":13,"columnIndex":5},{"instrumentId":"167|1831863","name":"7Y6Y","rowIndex":14,"columnIndex":5},{"instrumentId":"167|1831864","name":"8Y6Y","rowIndex":15,"columnIndex":5},{"instrumentId":"167|1831865","name":"9Y6Y","rowIndex":16,"columnIndex":5},{"instrumentId":"167|1831866","name":"10Y6Y","rowIndex":17,"columnIndex":5},{"instrumentId":"167|1831867","name":"12Y6Y","rowIndex":18,"columnIndex":5},{"instrumentId":"167|1831868","name":"15Y6Y","rowIndex":19,"columnIndex":5}]
    },
    {
      "matrixId": "EUR_VM_PAYER MATRIX",
      "matrixName": "STRANGLE",
      "layoutType": "matrix",
      "columnHeaderList": [
        "1Y",
        "2Y",
        "3Y",
        "4Y",
        "5Y",
        "6Y",
        "7Y",
        "8Y",
        "9Y",
        "10Y",
        "15Y",
        "20Y",
        "25Y",
        "30Y"
      ],
      "rowHeaderList": [
        "1W",
        "2W",
        "1M",
        "2M",
        "3M",
        "6M",
        "9M",
        "1Y",
        "18M",
        "2Y",
        "3Y",
        "4Y",
        "5Y",
        "6Y",
        "7Y",
        "8Y",
        "9Y",
        "10Y",
        "12Y",
        "15Y",
        "20Y",
        "25Y",
        "30Y"
      ],
      "instrumentList": [{"instrumentId":"167|1831746","name":"1M1Y","rowIndex":2,"columnIndex":0},{"instrumentId":"167|1831747","name":"2M1Y","rowIndex":3,"columnIndex":0},{"instrumentId":"167|1831748","name":"3M1Y","rowIndex":4,"columnIndex":0},{"instrumentId":"167|1831749","name":"6M1Y","rowIndex":5,"columnIndex":0},{"instrumentId":"167|1831750","name":"9M1Y","rowIndex":6,"columnIndex":0},{"instrumentId":"167|1831751","name":"1Y1Y","rowIndex":7,"columnIndex":0},{"instrumentId":"167|1831752","name":"18M1Y","rowIndex":8,"columnIndex":0},{"instrumentId":"167|1831753","name":"2Y1Y","rowIndex":9,"columnIndex":0},{"instrumentId":"167|1831754","name":"3Y1Y","rowIndex":10,"columnIndex":0},{"instrumentId":"167|1831755","name":"4Y1Y","rowIndex":11,"columnIndex":0},{"instrumentId":"167|1831756","name":"5Y1Y","rowIndex":12,"columnIndex":0},{"instrumentId":"167|1831757","name":"6Y1Y","rowIndex":13,"columnIndex":0},{"instrumentId":"167|1831758","name":"7Y1Y","rowIndex":14,"columnIndex":0},{"instrumentId":"167|1831759","name":"8Y1Y","rowIndex":15,"columnIndex":0},{"instrumentId":"167|1831760","name":"9Y1Y","rowIndex":16,"columnIndex":0},{"instrumentId":"167|1831761","name":"10Y1Y","rowIndex":17,"columnIndex":0},{"instrumentId":"167|1831762","name":"12Y1Y","rowIndex":18,"columnIndex":0},{"instrumentId":"167|1831763","name":"15Y1Y","rowIndex":19,"columnIndex":0},{"instrumentId":"167|1831764","name":"20Y1Y","rowIndex":20,"columnIndex":0},{"instrumentId":"167|1831765","name":"25Y1Y","rowIndex":21,"columnIndex":0},{"instrumentId":"167|1831766","name":"30Y1Y","rowIndex":22,"columnIndex":0},{"instrumentId":"167|1831767","name":"1M2Y","rowIndex":2,"columnIndex":1},{"instrumentId":"167|1831768","name":"2M2Y","rowIndex":3,"columnIndex":1},{"instrumentId":"167|1831769","name":"3M2Y","rowIndex":4,"columnIndex":1},{"instrumentId":"167|1831770","name":"6M2Y","rowIndex":5,"columnIndex":1},{"instrumentId":"167|1831771","name":"9M2Y","rowIndex":6,"columnIndex":1},{"instrumentId":"167|1831772","name":"1Y2Y","rowIndex":7,"columnIndex":1},{"instrumentId":"167|1831773","name":"18M2Y","rowIndex":8,"columnIndex":1},{"instrumentId":"167|1831774","name":"2Y2Y","rowIndex":9,"columnIndex":1},{"instrumentId":"167|1831775","name":"3Y2Y","rowIndex":10,"columnIndex":1},{"instrumentId":"167|1831776","name":"4Y2Y","rowIndex":11,"columnIndex":1},{"instrumentId":"167|1831777","name":"5Y2Y","rowIndex":12,"columnIndex":1},{"instrumentId":"167|1831778","name":"6Y2Y","rowIndex":13,"columnIndex":1},{"instrumentId":"167|1831779","name":"7Y2Y","rowIndex":14,"columnIndex":1},{"instrumentId":"167|1831780","name":"8Y2Y","rowIndex":15,"columnIndex":1},{"instrumentId":"167|1831781","name":"9Y2Y","rowIndex":16,"columnIndex":1},{"instrumentId":"167|1831782","name":"10Y2Y","rowIndex":17,"columnIndex":1},{"instrumentId":"167|1831783","name":"12Y2Y","rowIndex":18,"columnIndex":1},{"instrumentId":"167|1831784","name":"15Y2Y","rowIndex":19,"columnIndex":1},{"instrumentId":"167|1831785","name":"20Y2Y","rowIndex":20,"columnIndex":1},{"instrumentId":"167|1831786","name":"25Y2Y","rowIndex":21,"columnIndex":1},{"instrumentId":"167|1831787","name":"30Y2Y","rowIndex":22,"columnIndex":1},{"instrumentId":"167|1831788","name":"1M3Y","rowIndex":2,"columnIndex":2},{"instrumentId":"167|1831789","name":"2M3Y","rowIndex":3,"columnIndex":2},{"instrumentId":"167|1831790","name":"3M3Y","rowIndex":4,"columnIndex":2},{"instrumentId":"167|1831791","name":"6M3Y","rowIndex":5,"columnIndex":2},{"instrumentId":"167|1831792","name":"9M3Y","rowIndex":6,"columnIndex":2},{"instrumentId":"167|1831793","name":"1Y3Y","rowIndex":7,"columnIndex":2},{"instrumentId":"167|1831794","name":"18M3Y","rowIndex":8,"columnIndex":2},{"instrumentId":"167|1831795","name":"2Y3Y","rowIndex":9,"columnIndex":2},{"instrumentId":"167|1831796","name":"3Y3Y","rowIndex":10,"columnIndex":2},{"instrumentId":"167|1831797","name":"4Y3Y","rowIndex":11,"columnIndex":2},{"instrumentId":"167|1831798","name":"5Y3Y","rowIndex":12,"columnIndex":2},{"instrumentId":"167|1831799","name":"6Y3Y","rowIndex":13,"columnIndex":2},{"instrumentId":"167|1831800","name":"7Y3Y","rowIndex":14,"columnIndex":2},{"instrumentId":"167|1831801","name":"8Y3Y","rowIndex":15,"columnIndex":2},{"instrumentId":"167|1831802","name":"9Y3Y","rowIndex":16,"columnIndex":2},{"instrumentId":"167|1831803","name":"10Y3Y","rowIndex":17,"columnIndex":2},{"instrumentId":"167|1831804","name":"12Y3Y","rowIndex":18,"columnIndex":2},{"instrumentId":"167|1831805","name":"15Y3Y","rowIndex":19,"columnIndex":2},{"instrumentId":"167|1831806","name":"20Y3Y","rowIndex":20,"columnIndex":2},{"instrumentId":"167|1831807","name":"25Y3Y","rowIndex":21,"columnIndex":2},{"instrumentId":"167|1831808","name":"30Y3Y","rowIndex":22,"columnIndex":2},{"instrumentId":"167|1831809","name":"1M4Y","rowIndex":2,"columnIndex":3},{"instrumentId":"167|1831810","name":"2M4Y","rowIndex":3,"columnIndex":3},{"instrumentId":"167|1831811","name":"3M4Y","rowIndex":4,"columnIndex":3},{"instrumentId":"167|1831812","name":"6M4Y","rowIndex":5,"columnIndex":3},{"instrumentId":"167|1831813","name":"9M4Y","rowIndex":6,"columnIndex":3},{"instrumentId":"167|1831814","name":"1Y4Y","rowIndex":7,"columnIndex":3},{"instrumentId":"167|1831815","name":"18M4Y","rowIndex":8,"columnIndex":3},{"instrumentId":"167|1831816","name":"2Y4Y","rowIndex":9,"columnIndex":3},{"instrumentId":"167|1831817","name":"3Y4Y","rowIndex":10,"columnIndex":3},{"instrumentId":"167|1831818","name":"4Y4Y","rowIndex":11,"columnIndex":3},{"instrumentId":"167|1831819","name":"5Y4Y","rowIndex":12,"columnIndex":3},{"instrumentId":"167|1831820","name":"6Y4Y","rowIndex":13,"columnIndex":3},{"instrumentId":"167|1831821","name":"7Y4Y","rowIndex":14,"columnIndex":3},{"instrumentId":"167|1831822","name":"8Y4Y","rowIndex":15,"columnIndex":3},{"instrumentId":"167|1831823","name":"9Y4Y","rowIndex":16,"columnIndex":3},{"instrumentId":"167|1831824","name":"10Y4Y","rowIndex":17,"columnIndex":3},{"instrumentId":"167|1831825","name":"12Y4Y","rowIndex":18,"columnIndex":3},{"instrumentId":"167|1831826","name":"15Y4Y","rowIndex":19,"columnIndex":3},{"instrumentId":"167|1831827","name":"20Y4Y","rowIndex":20,"columnIndex":3},{"instrumentId":"167|1831828","name":"25Y4Y","rowIndex":21,"columnIndex":3},{"instrumentId":"167|1831829","name":"30Y4Y","rowIndex":22,"columnIndex":3},{"instrumentId":"167|1831830","name":"1M5Y","rowIndex":2,"columnIndex":4},{"instrumentId":"167|1831831","name":"2M5Y","rowIndex":3,"columnIndex":4},{"instrumentId":"167|1831832","name":"3M5Y","rowIndex":4,"columnIndex":4},{"instrumentId":"167|1831833","name":"6M5Y","rowIndex":5,"columnIndex":4},{"instrumentId":"167|1831834","name":"9M5Y","rowIndex":6,"columnIndex":4},{"instrumentId":"167|1831835","name":"1Y5Y","rowIndex":7,"columnIndex":4},{"instrumentId":"167|1831836","name":"18M5Y","rowIndex":8,"columnIndex":4},{"instrumentId":"167|1831837","name":"2Y5Y","rowIndex":9,"columnIndex":4},{"instrumentId":"167|1831838","name":"3Y5Y","rowIndex":10,"columnIndex":4},{"instrumentId":"167|1831839","name":"4Y5Y","rowIndex":11,"columnIndex":4},{"instrumentId":"167|1831840","name":"5Y5Y","rowIndex":12,"columnIndex":4},{"instrumentId":"167|1831841","name":"6Y5Y","rowIndex":13,"columnIndex":4},{"instrumentId":"167|1831842","name":"7Y5Y","rowIndex":14,"columnIndex":4},{"instrumentId":"167|1831843","name":"8Y5Y","rowIndex":15,"columnIndex":4},{"instrumentId":"167|1831844","name":"9Y5Y","rowIndex":16,"columnIndex":4},{"instrumentId":"167|1831845","name":"10Y5Y","rowIndex":17,"columnIndex":4},{"instrumentId":"167|1831846","name":"12Y5Y","rowIndex":18,"columnIndex":4},{"instrumentId":"167|1831847","name":"15Y5Y","rowIndex":19,"columnIndex":4},{"instrumentId":"167|1831848","name":"20Y5Y","rowIndex":20,"columnIndex":4},{"instrumentId":"167|1831849","name":"25Y5Y","rowIndex":21,"columnIndex":4},{"instrumentId":"167|1831850","name":"30Y5Y","rowIndex":22,"columnIndex":4},{"instrumentId":"167|1831851","name":"1M6Y","rowIndex":2,"columnIndex":5},{"instrumentId":"167|1831852","name":"2M6Y","rowIndex":3,"columnIndex":5},{"instrumentId":"167|1831853","name":"3M6Y","rowIndex":4,"columnIndex":5},{"instrumentId":"167|1831854","name":"6M6Y","rowIndex":5,"columnIndex":5},{"instrumentId":"167|1831855","name":"9M6Y","rowIndex":6,"columnIndex":5},{"instrumentId":"167|1831856","name":"1Y6Y","rowIndex":7,"columnIndex":5},{"instrumentId":"167|1831857","name":"18M6Y","rowIndex":8,"columnIndex":5},{"instrumentId":"167|1831858","name":"2Y6Y","rowIndex":9,"columnIndex":5},{"instrumentId":"167|1831859","name":"3Y6Y","rowIndex":10,"columnIndex":5},{"instrumentId":"167|1831860","name":"4Y6Y","rowIndex":11,"columnIndex":5}]
    }
  ]
}