{
  "messageName": "page",
  "pageId": "LM_DOCUMENT_VM_IRISH_BOND",
  "pageName": "BGC IRISH BOND VM",
  "currencyId": "IRL",
  "sizeMultipliers": [
    1,
    2,
    5,
    10
  ],
  "settings": [
    {
      "name": "displayFavorites",
      "value": true
    },
    {
      "name": "orderAnimationDuration",
      "value": 0
    },
    {
      "name": "displayAnalytics",
      "value": false
    }
  ],
  "genericColumns": [],
  "tileLayouts": [
    {
      "matrixId": "LM_MATRIX_VM_IRISH_BOND_OUTRIGHTS",
      "matrixName": "BGC IRISH BOND VM",
      "layoutType": "matrix",
      "columnHeaderList": [
        "IRISH"
      ],
      "rowHeaderList": [
        "03/25",
        "05/26",
        "05/27",
        "05/28",
        "05/29",
        "05/30",
        "10/30",
        "03/31",
        "10/31",
        "10/32",
        "05/33",
        "10/34",
        "05/35",
        "05/37",
        "04/41",
        "10/43",
        "02/45",
        "05/50"
      ],
      "instrumentList": [
        {
          "rowIndex": 0,
          "columnIndex": 0,
          "instrumentId": "1000|1350736"
        },
        {
          "rowIndex": 1,
          "columnIndex": 0,
          "instrumentId": "1000|1350737"
        },
        {
          "rowIndex": 2,
          "columnIndex": 0,
          "instrumentId": "1000|1350738"
        },
        {
          "rowIndex": 3,
          "columnIndex": 0,
          "instrumentId": "1000|1350739"
        },
        {
          "rowIndex": 4,
          "columnIndex": 0,
          "instrumentId": "1000|1350740"
        },
        {
          "rowIndex": 5,
          "columnIndex": 0,
          "instrumentId": "1000|1350741"
        },
        {
          "rowIndex": 6,
          "columnIndex": 0,
          "instrumentId": "1000|1350742"
        },
        {
          "rowIndex": 7,
          "columnIndex": 0,
          "instrumentId": "1000|1350743"
        },
        {
          "rowIndex": 8,
          "columnIndex": 0,
          "instrumentId": "1000|1350744"
        },
        {
          "rowIndex": 9,
          "columnIndex": 0,
          "instrumentId": "1000|1422630"
        },
        {
          "rowIndex": 10,
          "columnIndex": 0,
          "instrumentId": "1000|1350745"
        },
        {
          "rowIndex": 11,
          "columnIndex": 0,
          "instrumentId": "1000|1642897"
        },
        {
          "rowIndex": 12,
          "columnIndex": 0,
          "instrumentId": "1000|1350746"
        },
        {
          "rowIndex": 13,
          "columnIndex": 0,
          "instrumentId": "1000|1350747"
        },
        {
          "rowIndex": 14,
          "columnIndex": 0,
          "instrumentId": "1000|1375576"
        },
        {
          "rowIndex": 15,
          "columnIndex": 0,
          "instrumentId": "1000|1518895"
        },
        {
          "rowIndex": 16,
          "columnIndex": 0,
          "instrumentId": "1000|1350748"
        },
        {
          "rowIndex": 17,
          "columnIndex": 0,
          "instrumentId": "1000|1350749"
        }
      ],
      "defaultLinkedMatrixIndex": 0
    },
    {
      "matrixId": "LM_MATRIX_VM_IRISH_BOND_0_SPREADS",
      "matrixName": "IRISH BOND Spreads",
      "layoutType1": "triangle",
      "layoutType": "matrix",
      "columnLinkIndex": 0,
      "columnHeaderList": [
        "05/26",
        "05/27",
        "05/28",
        "05/29",
        "05/30",
        "10/30",
        "03/31",
        "10/31",
        "10/32",
        "05/33",
        "10/34",
        "05/35",
        "05/37",
        "04/41",
        "10/43",
        "02/45",
        "05/50"
      ],
      "rowHeaderList": [
        "03/25",
        "05/26",
        "05/27",
        "05/28",
        "05/29",
        "05/30",
        "10/30",
        "03/31",
        "10/31",
        "10/32",
        "05/33",
        "10/34",
        "05/35",
        "05/37",
        "04/41",
        "10/43",
        "02/45"
      ],
      "instrumentList": [
        {
          "instrumentId": "1000|1375579",
          "rowIndex": 0,
          "columnIndex": 0
        },
        {
          "instrumentId": "1000|1375590",
          "rowIndex": 0,
          "columnIndex": 1
        },
        {
          "instrumentId": "1000|1375581",
          "rowIndex": 0,
          "columnIndex": 2
        },
        {
          "instrumentId": "1000|1375585",
          "rowIndex": 0,
          "columnIndex": 3
        },
        {
          "instrumentId": "1000|1375580",
          "rowIndex": 0,
          "columnIndex": 4
        },
        {
          "instrumentId": "1000|1375588",
          "rowIndex": 0,
          "columnIndex": 5
        },
        {
          "instrumentId": "1000|1375584",
          "rowIndex": 0,
          "columnIndex": 6
        },
        {
          "instrumentId": "1000|1375589",
          "rowIndex": 0,
          "columnIndex": 7
        },
        {
          "instrumentId": "1000|1426604",
          "rowIndex": 0,
          "columnIndex": 8
        },
        {
          "instrumentId": "1000|1375586",
          "rowIndex": 0,
          "columnIndex": 9
        },
        {
          "instrumentId": "1000|1642898",
          "rowIndex": 0,
          "columnIndex": 10
        },
        {
          "instrumentId": "1000|1375587",
          "rowIndex": 0,
          "columnIndex": 11
        },
        {
          "instrumentId": "1000|1375582",
          "rowIndex": 0,
          "columnIndex": 12
        },
        {
          "instrumentId": "1000|1392852",
          "rowIndex": 0,
          "columnIndex": 13
        },
        {
          "instrumentId": "1000|1518899",
          "rowIndex": 0,
          "columnIndex": 14
        },
        {
          "instrumentId": "1000|1375583",
          "rowIndex": 0,
          "columnIndex": 15
        },
        {
          "instrumentId": "1000|1392853",
          "rowIndex": 0,
          "columnIndex": 16
        },
        {
          "instrumentId": "1000|1375593",
          "rowIndex": 1,
          "columnIndex": 1
        },
        {
          "instrumentId": "1000|1375591",
          "rowIndex": 1,
          "columnIndex": 2
        },
        {
          "instrumentId": "1000|1375594",
          "rowIndex": 1,
          "columnIndex": 3
        },
        {
          "instrumentId": "1000|1375592",
          "rowIndex": 1,
          "columnIndex": 4
        },
        {
          "instrumentId": "1000|1375600",
          "rowIndex": 1,
          "columnIndex": 5
        },
        {
          "instrumentId": "1000|1375597",
          "rowIndex": 1,
          "columnIndex": 6
        },
        {
          "instrumentId": "1000|1375602",
          "rowIndex": 1,
          "columnIndex": 7
        },
        {
          "instrumentId": "1000|1426603",
          "rowIndex": 1,
          "columnIndex": 8
        },
        {
          "instrumentId": "1000|1375598",
          "rowIndex": 1,
          "columnIndex": 9
        },
        {
          "instrumentId": "1000|1642899",
          "rowIndex": 1,
          "columnIndex": 10
        },
        {
          "instrumentId": "1000|1375599",
          "rowIndex": 1,
          "columnIndex": 11
        },
        {
          "instrumentId": "1000|1375595",
          "rowIndex": 1,
          "columnIndex": 12
        },
        {
          "instrumentId": "1000|1392858",
          "rowIndex": 1,
          "columnIndex": 13
        },
        {
          "instrumentId": "1000|1523099",
          "rowIndex": 1,
          "columnIndex": 14
        },
        {
          "instrumentId": "1000|1375596",
          "rowIndex": 1,
          "columnIndex": 15
        },
        {
          "instrumentId": "1000|1375601",
          "rowIndex": 1,
          "columnIndex": 16
        },
        {
          "instrumentId": "1000|1375603",
          "rowIndex": 2,
          "columnIndex": 2
        },
        {
          "instrumentId": "1000|1375604",
          "rowIndex": 2,
          "columnIndex": 3
        },
        {
          "instrumentId": "1000|1375605",
          "rowIndex": 2,
          "columnIndex": 4
        },
        {
          "instrumentId": "1000|1375606",
          "rowIndex": 2,
          "columnIndex": 5
        },
        {
          "instrumentId": "1000|1375609",
          "rowIndex": 2,
          "columnIndex": 6
        },
        {
          "instrumentId": "1000|1375613",
          "rowIndex": 2,
          "columnIndex": 7
        },
        {
          "instrumentId": "1000|1426602",
          "rowIndex": 2,
          "columnIndex": 8
        },
        {
          "instrumentId": "1000|1375610",
          "rowIndex": 2,
          "columnIndex": 9
        },
        {
          "instrumentId": "1000|1642900",
          "rowIndex": 2,
          "columnIndex": 10
        },
        {
          "instrumentId": "1000|1375611",
          "rowIndex": 2,
          "columnIndex": 11
        },
        {
          "instrumentId": "1000|1375607",
          "rowIndex": 2,
          "columnIndex": 12
        },
        {
          "instrumentId": "1000|1392859",
          "rowIndex": 2,
          "columnIndex": 13
        },
        {
          "instrumentId": "1000|1523100",
          "rowIndex": 2,
          "columnIndex": 14
        },
        {
          "instrumentId": "1000|1375608",
          "rowIndex": 2,
          "columnIndex": 15
        },
        {
          "instrumentId": "1000|1375612",
          "rowIndex": 2,
          "columnIndex": 16
        },
        {
          "instrumentId": "1000|1375616",
          "rowIndex": 3,
          "columnIndex": 3
        },
        {
          "instrumentId": "1000|1375615",
          "rowIndex": 3,
          "columnIndex": 4
        },
        {
          "instrumentId": "1000|1375621",
          "rowIndex": 3,
          "columnIndex": 5
        },
        {
          "instrumentId": "1000|1375618",
          "rowIndex": 3,
          "columnIndex": 6
        },
        {
          "instrumentId": "1000|1375623",
          "rowIndex": 3,
          "columnIndex": 7
        },
        {
          "instrumentId": "1000|1426601",
          "rowIndex": 3,
          "columnIndex": 8
        },
        {
          "instrumentId": "1000|1375619",
          "rowIndex": 3,
          "columnIndex": 9
        },
        {
          "instrumentId": "1000|1642901",
          "rowIndex": 3,
          "columnIndex": 10
        },
        {
          "instrumentId": "1000|1375620",
          "rowIndex": 3,
          "columnIndex": 11
        },
        {
          "instrumentId": "1000|1375614",
          "rowIndex": 3,
          "columnIndex": 12
        },
        {
          "instrumentId": "1000|1392860",
          "rowIndex": 3,
          "columnIndex": 13
        },
        {
          "instrumentId": "1000|1523101",
          "rowIndex": 3,
          "columnIndex": 14
        },
        {
          "instrumentId": "1000|1375617",
          "rowIndex": 3,
          "columnIndex": 15
        },
        {
          "instrumentId": "1000|1375622",
          "rowIndex": 3,
          "columnIndex": 16
        },
        {
          "instrumentId": "1000|1375627",
          "rowIndex": 4,
          "columnIndex": 4
        },
        {
          "instrumentId": "1000|1375630",
          "rowIndex": 4,
          "columnIndex": 5
        },
        {
          "instrumentId": "1000|1375626",
          "rowIndex": 4,
          "columnIndex": 6
        },
        {
          "instrumentId": "1000|1375632",
          "rowIndex": 4,
          "columnIndex": 7
        },
        {
          "instrumentId": "1000|1426600",
          "rowIndex": 4,
          "columnIndex": 8
        },
        {
          "instrumentId": "1000|1375628",
          "rowIndex": 4,
          "columnIndex": 9
        },
        {
          "instrumentId": "1000|1642902",
          "rowIndex": 4,
          "columnIndex": 10
        },
        {
          "instrumentId": "1000|1375629",
          "rowIndex": 4,
          "columnIndex": 11
        },
        {
          "instrumentId": "1000|1375624",
          "rowIndex": 4,
          "columnIndex": 12
        },
        {
          "instrumentId": "1000|1392861",
          "rowIndex": 4,
          "columnIndex": 13
        },
        {
          "instrumentId": "1000|1523102",
          "rowIndex": 4,
          "columnIndex": 14
        },
        {
          "instrumentId": "1000|1375625",
          "rowIndex": 4,
          "columnIndex": 15
        },
        {
          "instrumentId": "1000|1375631",
          "rowIndex": 4,
          "columnIndex": 16
        },
        {
          "instrumentId": "1000|1375639",
          "rowIndex": 5,
          "columnIndex": 5
        },
        {
          "instrumentId": "1000|1375635",
          "rowIndex": 5,
          "columnIndex": 6
        },
        {
          "instrumentId": "1000|1375640",
          "rowIndex": 5,
          "columnIndex": 7
        },
        {
          "instrumentId": "1000|1426599",
          "rowIndex": 5,
          "columnIndex": 8
        },
        {
          "instrumentId": "1000|1375636",
          "rowIndex": 5,
          "columnIndex": 9
        },
        {
          "instrumentId": "1000|1642903",
          "rowIndex": 5,
          "columnIndex": 10
        },
        {
          "instrumentId": "1000|1375637",
          "rowIndex": 5,
          "columnIndex": 11
        },
        {
          "instrumentId": "1000|1375633",
          "rowIndex": 5,
          "columnIndex": 12
        },
        {
          "instrumentId": "1000|1392862",
          "rowIndex": 5,
          "columnIndex": 13
        },
        {
          "instrumentId": "1000|1523103",
          "rowIndex": 5,
          "columnIndex": 14
        },
        {
          "instrumentId": "1000|1375634",
          "rowIndex": 5,
          "columnIndex": 15
        },
        {
          "instrumentId": "1000|1375638",
          "rowIndex": 5,
          "columnIndex": 16
        },
        {
          "instrumentId": "1000|1375646",
          "rowIndex": 6,
          "columnIndex": 6
        },
        {
          "instrumentId": "1000|1375647",
          "rowIndex": 6,
          "columnIndex": 7
        },
        {
          "instrumentId": "1000|1426598",
          "rowIndex": 6,
          "columnIndex": 8
        },
        {
          "instrumentId": "1000|1375641",
          "rowIndex": 6,
          "columnIndex": 9
        },
        {
          "instrumentId": "1000|1642904",
          "rowIndex": 6,
          "columnIndex": 10
        },
        {
          "instrumentId": "1000|1375642",
          "rowIndex": 6,
          "columnIndex": 11
        },
        {
          "instrumentId": "1000|1375643",
          "rowIndex": 6,
          "columnIndex": 12
        },
        {
          "instrumentId": "1000|1392866",
          "rowIndex": 6,
          "columnIndex": 13
        },
        {
          "instrumentId": "1000|1523104",
          "rowIndex": 6,
          "columnIndex": 14
        },
        {
          "instrumentId": "1000|1375644",
          "rowIndex": 6,
          "columnIndex": 15
        },
        {
          "instrumentId": "1000|1375645",
          "rowIndex": 6,
          "columnIndex": 16
        },
        {
          "instrumentId": "1000|1471670",
          "rowIndex": 7,
          "columnIndex": 7
        },
        {
          "instrumentId": "1000|1426597",
          "rowIndex": 7,
          "columnIndex": 8
        },
        {
          "instrumentId": "1000|1375649",
          "rowIndex": 7,
          "columnIndex": 9
        },
        {
          "instrumentId": "1000|1642905",
          "rowIndex": 7,
          "columnIndex": 10
        },
        {
          "instrumentId": "1000|1375650",
          "rowIndex": 7,
          "columnIndex": 11
        },
        {
          "instrumentId": "1000|1375652",
          "rowIndex": 7,
          "columnIndex": 12
        },
        {
          "instrumentId": "1000|1392854",
          "rowIndex": 7,
          "columnIndex": 13
        },
        {
          "instrumentId": "1000|1523105",
          "rowIndex": 7,
          "columnIndex": 14
        },
        {
          "instrumentId": "1000|1375648",
          "rowIndex": 7,
          "columnIndex": 15
        },
        {
          "instrumentId": "1000|1375651",
          "rowIndex": 7,
          "columnIndex": 16
        },
        {
          "instrumentId": "1000|1426596",
          "rowIndex": 8,
          "columnIndex": 8
        },
        {
          "instrumentId": "1000|1375654",
          "rowIndex": 8,
          "columnIndex": 9
        },
        {
          "instrumentId": "1000|1642906",
          "rowIndex": 8,
          "columnIndex": 10
        },
        {
          "instrumentId": "1000|1375655",
          "rowIndex": 8,
          "columnIndex": 11
        },
        {
          "instrumentId": "1000|1375658",
          "rowIndex": 8,
          "columnIndex": 12
        },
        {
          "instrumentId": "1000|1392867",
          "rowIndex": 8,
          "columnIndex": 13
        },
        {
          "instrumentId": "1000|1523106",
          "rowIndex": 8,
          "columnIndex": 14
        },
        {
          "instrumentId": "1000|1375656",
          "rowIndex": 8,
          "columnIndex": 15
        },
        {
          "instrumentId": "1000|1375657",
          "rowIndex": 8,
          "columnIndex": 16
        },
        {
          "instrumentId": "1000|1426590",
          "rowIndex": 9,
          "columnIndex": 9
        },
        {
          "instrumentId": "1000|1642907",
          "rowIndex": 9,
          "columnIndex": 10
        },
        {
          "instrumentId": "1000|1426591",
          "rowIndex": 9,
          "columnIndex": 11
        },
        {
          "instrumentId": "1000|1426592",
          "rowIndex": 9,
          "columnIndex": 12
        },
        {
          "instrumentId": "1000|1426593",
          "rowIndex": 9,
          "columnIndex": 13
        },
        {
          "instrumentId": "1000|1523107",
          "rowIndex": 9,
          "columnIndex": 14
        },
        {
          "instrumentId": "1000|1426594",
          "rowIndex": 9,
          "columnIndex": 15
        },
        {
          "instrumentId": "1000|1426595",
          "rowIndex": 9,
          "columnIndex": 16
        },
        {
          "instrumentId": "1000|1642908",
          "rowIndex": 10,
          "columnIndex": 10
        },
        {
          "instrumentId": "1000|1375661",
          "rowIndex": 10,
          "columnIndex": 11
        },
        {
          "instrumentId": "1000|1375659",
          "rowIndex": 10,
          "columnIndex": 12
        },
        {
          "instrumentId": "1000|1392863",
          "rowIndex": 10,
          "columnIndex": 13
        },
        {
          "instrumentId": "1000|1523108",
          "rowIndex": 10,
          "columnIndex": 14
        },
        {
          "instrumentId": "1000|1375660",
          "rowIndex": 10,
          "columnIndex": 15
        },
        {
          "instrumentId": "1000|1375662",
          "rowIndex": 10,
          "columnIndex": 16
        },
        {
          "instrumentId": "1000|1642909",
          "rowIndex": 11,
          "columnIndex": 11
        },
        {
          "instrumentId": "1000|1642910",
          "rowIndex": 11,
          "columnIndex": 12
        },
        {
          "instrumentId": "1000|1642911",
          "rowIndex": 11,
          "columnIndex": 13
        },
        {
          "instrumentId": "1000|1642912",
          "rowIndex": 11,
          "columnIndex": 14
        },
        {
          "instrumentId": "1000|1642913",
          "rowIndex": 11,
          "columnIndex": 15
        },
        {
          "instrumentId": "1000|1642914",
          "rowIndex": 11,
          "columnIndex": 16
        },
        {
          "instrumentId": "1000|1375663",
          "rowIndex": 12,
          "columnIndex": 12
        },
        {
          "instrumentId": "1000|1392864",
          "rowIndex": 12,
          "columnIndex": 13
        },
        {
          "instrumentId": "1000|1523109",
          "rowIndex": 12,
          "columnIndex": 14
        },
        {
          "instrumentId": "1000|1375665",
          "rowIndex": 12,
          "columnIndex": 15
        },
        {
          "instrumentId": "1000|1375664",
          "rowIndex": 12,
          "columnIndex": 16
        },
        {
          "instrumentId": "1000|1392865",
          "rowIndex": 13,
          "columnIndex": 13
        },
        {
          "instrumentId": "1000|1523110",
          "rowIndex": 13,
          "columnIndex": 14
        },
        {
          "instrumentId": "1000|1375666",
          "rowIndex": 13,
          "columnIndex": 15
        },
        {
          "instrumentId": "1000|1375667",
          "rowIndex": 13,
          "columnIndex": 16
        },
        {
          "instrumentId": "1000|1523111",
          "rowIndex": 14,
          "columnIndex": 14
        },
        {
          "instrumentId": "1000|1392856",
          "rowIndex": 14,
          "columnIndex": 15
        },
        {
          "instrumentId": "1000|1392857",
          "rowIndex": 14,
          "columnIndex": 16
        },
        {
          "instrumentId": "1000|1518912",
          "rowIndex": 15,
          "columnIndex": 15
        },
        {
          "instrumentId": "1000|1518913",
          "rowIndex": 15,
          "columnIndex": 16
        },
        {
          "instrumentId": "1000|1375668",
          "rowIndex": 16,
          "columnIndex": 16
        }
      ]
    },
    {
      "tileId": "VM_BGC_IRISH_BOND_OTHER",
      "tileName": "Ireland Outrights",
      "layoutType": "outright",
      "instrumentList": [
        {
          "instrumentId": "1000|1350735",
          "name": "IRISH 3.400 03/24",
          "sortOrdinal": -1
        }
      ]
    }
  ]
}